"47.610248, -122.325607"
"47.698166, -122.381430"
"47.714266, -122.355809"
"47.710123, -122.370207"
"47.670120, -122.338038"
"47.642987, -122.393107"
"47.663270, -122.279355"
"47.627041, -122.364094"
"47.646858, -122.356453"
"47.719393, -122.301842"
"47.613223, -122.300320"
"47.584600, -122.300500"
"47.725305, -122.316638"
"47.693023, -122.290446"
"47.723240, -122.335643"
"47.697188, -122.343665"
"47.722018, -122.295964"
"47.534400, -122.354700"
"47.730263, -122.312540"
"47.611400, -122.330500"
"47.629720, -122.357838"
"47.665069, -122.279162"
"47.613971, -122.333512"
"47.600231, -122.298903"
"47.650703, -122.388554"
"47.677207, -122.401278"
"47.620320, -122.301036"
"47.637900, -122.364300"
"47.688420, -122.304337"
"47.697883, -122.328242"
"47.567020, -122.314736"
"47.619920, -122.343638"
"47.651166, -122.336347"
"47.613971, -122.333512"
"47.673400, -122.342600"
"47.597942, -122.334110"
"47.710888, -122.355595"
"47.670811, -122.385102"
"47.670811, -122.385102"
"47.653291, -122.353213"
"47.629020, -122.347538"
"47.630255, -122.342338"
"47.674548, -122.387094"
"47.691884, -122.379627"
"47.633528, -122.342119"
"47.611400, -122.330500"
"47.639172, -122.358238"
"47.568220, -122.365138"
"47.620097, -122.357829"
"47.668620, -122.376448"
"47.619775, -122.324009"
"47.730077, -122.292537"
"47.624420, -122.326537"
"47.561120, -122.384038"
"47.699278, -122.365894"
"47.775654, -122.346185"
"47.619334, -122.316637"
"47.614582, -122.342720"
"47.670100, -122.376300"
"47.623116, -122.331562"
"47.611220, -122.340523"
"47.589161, -122.383050"
"47.607031, -122.298796"
"47.661134, -122.345438"
"47.624534, -122.326537"
"47.548118, -122.382855"
"47.682119, -122.263734"
"47.717000, -122.301500"
"47.699278, -122.365894"
"47.555014, -122.362737"
"47.612456, -122.328193"
"47.613266, -122.346518"
"47.617620, -122.319937"
"47.617620, -122.319937"
"47.601432, -122.306178"
"47.630767, -122.344922"
"47.618965, -122.338357"
"47.613120, -122.319787"
"47.559320, -122.384038"
"47.630200, -122.321000"
"47.630200, -122.321000"
"47.624534, -122.326537"
"47.630200, -122.321000"
"47.532512, -122.360270"
"47.646920, -122.336901"
"47.630200, -122.321000"
"47.651717, -122.367778"
"47.650711, -122.386012"
"47.653825, -122.401085"
"47.562902, -122.385437"
"47.662483, -122.315598"
"47.646920, -122.336901"
"47.624520, -122.327937"
"47.670811, -122.385102"
"47.627353, -122.341669"
"47.593320, -122.292093"
"47.668589, -122.387500"
"47.627651, -122.342600"
"47.739208, -122.343235"
"47.621451, -122.315537"
"47.623712, -122.330464"
"47.632420, -122.342338"
"47.672120, -122.325538"
"47.664737, -122.316155"
"47.699728, -122.336344"
"47.539800, -122.387800"
"47.680720, -122.318358"
"47.638340, -122.328324"
"47.690619, -122.392940"
"47.714887, -122.312701"
"47.614244, -122.337590"
"47.617620, -122.319937"
"47.673029, -122.375416"
"47.669202, -122.376752"
"47.620277, -122.319537"
"47.620277, -122.319537"
"47.659506, -122.342741"
"47.649900, -122.350811"
"47.620097, -122.357829"
"47.610100, -122.324039"
"47.615100, -122.344700"
"47.615100, -122.344700"
"47.613120, -122.317894"
"47.697857, -122.277564"
"47.663300, -122.302200"
"47.559320, -122.384038"
"47.661320, -122.314237"
"47.731473, -122.348042"
"47.620845, -122.299654"
"47.620874, -122.299569"
"47.616882, -122.348835"
"47.647702, -122.378739"
"47.611400, -122.330500"
"47.657858, -122.320940"
"47.647702, -122.378739"
"47.623420, -122.354565"
"47.613129, -122.332063"
"47.613120, -122.313831"
"47.612528, -122.348424"
"47.614620, -122.340437"
"47.580312, -122.334009"
"47.580312, -122.334009"
"47.621389, -122.356660"
"47.675620, -122.290337"
"47.648620, -122.357438"
"47.637900, -122.364300"
"47.630808, -122.327153"
"47.615100, -122.344700"
"47.650489, -122.383439"
"47.679701, -122.375629"
"47.675620, -122.290337"
"47.731473, -122.347870"
"47.731357, -122.346840"
"47.731011, -122.347870"
"47.731473, -122.347698"
"47.627483, -122.365143"
"47.626080, -122.342682"
"47.676520, -122.376472"
"47.668620, -122.376639"
"47.650981, -122.343838"
"47.647702, -122.378739"
"47.634073, -122.342338"
"47.639820, -122.326819"
"47.611906, -122.347591"
"47.572298, -122.296482"
"47.717000, -122.301500"
"47.619789, -122.323880"
"47.697947, -122.340546"
"47.676983, -122.325479"
"47.611299, -122.322893"
"47.633557, -122.344651"
"47.620097, -122.357829"
"47.534220, -122.376437"
"47.625238, -122.326537"
"47.617520, -122.345338"
"47.622404, -122.326519"
"47.625593, -122.344938"
"47.534400, -122.354700"
"47.619081, -122.302058"
"47.624520, -122.314537"
"47.648620, -122.357438"
"47.648620, -122.357438"
"47.715609, -122.296028"
"47.613223, -122.346518"
"47.613280, -122.346539"
"47.614620, -122.340437"
"47.614163, -122.345483"
"47.621135, -122.299440"
"47.623420, -122.331637"
"47.717000, -122.301500"
"47.607692, -122.327833"
"47.660589, -122.347752"
"47.696982, -122.342892"
"47.622237, -122.320768"
"47.527820, -122.360337"
"47.564520, -122.368212"
"47.620281, -122.319825"
"47.711451, -122.326584"
"47.633073, -122.325833"
"47.645730, -122.376194"
"47.672120, -122.332438"
"47.628820, -122.320137"
"47.620223, -122.322206"
"47.702340, -122.302225"
"47.710949, -122.325838"
"47.733920, -122.316840"
"47.729920, -122.293937"
"47.613129, -122.332063"
"47.559320, -122.384038"
"47.611620, -122.311236"
"47.620133, -122.347567"
"47.624796, -122.315706"
"47.739049, -122.342881"
"47.611277, -122.323094"
"47.611277, -122.323094"
"47.624418, -122.365363"
"47.614702, -122.352485"
"47.625238, -122.326537"
"47.649259, -122.346528"
"47.649259, -122.346528"
"47.627352, -122.342433"
"47.644722, -122.324400"
"47.622237, -122.320768"
"47.622237, -122.320768"
"47.625820, -122.360195"
"47.734099, -122.303538"
"47.775654, -122.346185"
"47.627352, -122.342433"
"47.663300, -122.302200"
"47.627352, -122.342433"
"47.615777, -122.332529"
"47.659820, -122.314188"
"47.624418, -122.365363"
"47.620368, -122.319224"
"47.677120, -122.317337"
"47.632438, -122.347138"
"47.703762, -122.358053"
"47.662344, -122.319876"
"47.622220, -122.330887"
"47.613120, -122.319787"
"47.624420, -122.326537"
"47.556376, -122.386932"
"47.608182, -122.328202"
"47.630795, -122.345982"
"47.556376, -122.386932"
"47.625271, -122.348685"
"47.625520, -122.348811"
"47.775654, -122.346185"
"47.614820, -122.344638"
"47.614231, -122.344384"
"47.614270, -122.344432"
"47.626717, -122.342737"
"47.613120, -122.319787"
"47.653998, -122.345738"
"47.634073, -122.342338"
"47.637497, -122.324792"
"47.668620, -122.376639"
"47.730077, -122.292537"
"47.568930, -122.370537"
"47.613120, -122.313831"
"47.700120, -122.355339"
"47.725584, -122.355466"
"47.614820, -122.344638"
"47.614820, -122.344638"
"47.627368, -122.341690"
"47.627324, -122.341754"
"47.597520, -122.323237"
"47.677350, -122.354139"
"47.617576, -122.351990"
"47.622602, -122.325272"
"47.669320, -122.304237"
"47.636920, -122.325837"
"47.584600, -122.300500"
"47.705808, -122.331184"
"47.715520, -122.296239"
"47.668589, -122.387500"
"47.627651, -122.342600"
"47.717000, -122.301500"
"47.668620, -122.376639"
"47.662891, -122.347238"
"47.668620, -122.376448"
"47.623463, -122.354779"
"47.520403, -122.335596"
"47.649900, -122.350811"
"47.649900, -122.350811"
"47.668320, -122.299537"
"47.654334, -122.370382"
"47.615580, -122.320082"
"47.612716, -122.348835"
"47.690827, -122.353755"
"47.556391, -122.283535"
"47.633900, -122.347600"
"47.627382, -122.341647"
"47.680426, -122.324060"
"47.611220, -122.340523"
"47.664029, -122.316155"
"47.703120, -122.325136"
"47.610100, -122.324039"
"47.603600, -122.325600"
"47.659520, -122.342613"
"47.616820, -122.307336"
"47.616820, -122.307336"
"47.616820, -122.307336"
"47.616820, -122.307336"
"47.617520, -122.345338"
"47.616820, -122.307336"
"47.607692, -122.327833"
"47.621264, -122.359240"
"47.613220, -122.324337"
"47.611600, -122.305600"
"47.615491, -122.349767"
"47.619257, -122.322168"
"47.541200, -122.275000"
"47.614849, -122.344605"
"47.621367, -122.322037"
"47.612528, -122.328236"
"47.638320, -122.349538"
"47.617589, -122.318816"
"47.715594, -122.296135"
"47.723404, -122.354844"
"47.612977, -122.332850"
"47.612962, -122.332742"
"47.614163, -122.345483"
"47.541200, -122.275000"
"47.619257, -122.322168"
"47.625593, -122.344938"
"47.682776, -122.376988"
"47.626080, -122.342682"
"47.667829, -122.376537"
"47.578693, -122.311157"
"47.613120, -122.313831"
"47.619257, -122.322168"
"47.630255, -122.342338"
"47.739078, -122.342741"
"47.739179, -122.342806"
"47.739056, -122.342699"
"47.556391, -122.283535"
"47.611877, -122.307551"
"47.690535, -122.397169"
"47.614163, -122.345483"
"47.620097, -122.357829"
"47.630737, -122.346497"
"47.618647, -122.309160"
"47.672988, -122.375121"
"47.611299, -122.322893"
"47.562902, -122.385437"
"47.630200, -122.321000"
"47.614857, -122.313151"
"47.632194, -122.352039"
"47.654924, -122.350209"
"47.711696, -122.326477"
"47.611600, -122.305600"
"47.614820, -122.344638"
"47.615622, -122.326755"
"47.663986, -122.316177"
"47.668599, -122.396185"
"47.668599, -122.396185"
"47.668599, -122.396185"
"47.668599, -122.396185"
"47.668599, -122.396185"
"47.637445, -122.371372"
"47.675620, -122.290337"
"47.615081, -122.341787"
"47.620223, -122.322206"
"47.618589, -122.299719"
"47.680426, -122.324060"
"47.767632, -122.345377"
"47.615622, -122.326755"
"47.612673, -122.323344"
"47.630037, -122.346209"
"47.539800, -122.387800"
"47.618720, -122.346438"
"47.726508, -122.354994"
"47.726536, -122.355037"
"47.646077, -122.376194"
"47.641220, -122.374839"
"47.615551, -122.315855"
"47.541300, -122.312900"
"47.605310, -122.319115"
"47.686952, -122.376640"
"47.605310, -122.319115"
"47.634073, -122.342338"
"47.615820, -122.352238"
"47.615100, -122.344700"
"47.665806, -122.317593"
"47.712520, -122.344739"
"47.619992, -122.323945"
"47.611277, -122.323094"
"47.614582, -122.328708"
"47.613120, -122.313831"
"47.610604, -122.307497"
"47.613120, -122.313831"
"47.659820, -122.314188"
"47.607444, -122.340254"
"47.654120, -122.352097"
"47.520302, -122.335725"
"47.614409, -122.328601"
"47.614510, -122.328687"
"47.616376, -122.315812"
"47.649900, -122.350811"
"47.622237, -122.320768"
"47.665951, -122.377503"
"47.615622, -122.326755"
"47.541200, -122.275000"
"47.541200, -122.275000"
"47.541200, -122.275000"
"47.702484, -122.355573"
"47.624418, -122.365363"
"47.649259, -122.346528"
"47.623565, -122.323037"
"47.613120, -122.317894"
"47.614220, -122.319117"
"47.708628, -122.322921"
"47.628886, -122.320426"
"47.562671, -122.380131"
"47.596961, -122.332134"
"47.626717, -122.342737"
"47.616940, -122.352505"
"47.626080, -122.342682"
"47.633465, -122.280036"
"47.617520, -122.345338"
"47.700120, -122.355339"
"47.649259, -122.346528"
"47.657880, -122.316437"
"47.611820, -122.330037"
"47.622404, -122.326519"
"47.661558, -122.314374"
"47.677120, -122.319902"
"47.626399, -122.353470"
"47.661320, -122.314237"
"47.643520, -122.347238"
"47.600101, -122.333944"
"47.739092, -122.342849"
"47.739092, -122.342806"
"47.620277, -122.319537"
"47.620339, -122.319911"
"47.619257, -122.322168"
"47.607692, -122.327833"
"47.663300, -122.302200"
"47.650542, -122.321749"
"47.670100, -122.376300"
"47.708628, -122.322921"
"47.661659, -122.314396"
"47.737700, -122.343100"
"47.659542, -122.342581"
"47.663300, -122.302200"
"47.686952, -122.376640"
"47.618625, -122.315716"
"47.619257, -122.322168"
"47.620133, -122.347567"
"47.623463, -122.354758"
"47.668620, -122.376639"
"47.667801, -122.376537"
"47.616853, -122.348943"
"47.611277, -122.323094"
"47.622404, -122.326519"
"47.593529, -122.308393"
"47.618067, -122.326819"
"47.679580, -122.375636"
"47.614965, -122.342935"
"47.614965, -122.342935"
"47.702903, -122.355702"
"47.614684, -122.342741"
"47.662344, -122.319876"
"47.625777, -122.353063"
"47.612820, -122.327837"
"47.614965, -122.342935"
"47.639272, -122.351840"
"47.684900, -122.296800"
"47.634019, -122.325285"
"47.676520, -122.376472"
"47.614705, -122.342720"
"47.661320, -122.314237"
"47.607820, -122.326537"
"47.673400, -122.342600"
"47.732122, -122.347473"
"47.646720, -122.361939"
"47.661420, -122.323937"
"47.663300, -122.302200"
"47.614918, -122.344809"
"47.663300, -122.302200"
"47.639272, -122.351840"
"47.614918, -122.344809"
"47.604734, -122.322151"
"47.625835, -122.353063"
"47.580726, -122.314536"
"47.663114, -122.305348"
"47.663812, -122.305534"
"47.663160, -122.305351"
"47.609982, -122.282467"
"47.728280, -122.301810"
"47.616020, -122.348838"
"47.671920, -122.257727"
"47.672237, -122.379134"
"47.557835, -122.280729"
"47.544921, -122.262034"
"47.559703, -122.378576"
"47.659220, -122.334938"
"47.710020, -122.285137"
"47.663133, -122.314997"
"47.569058, -122.293524"
"47.666220, -122.308237"
"47.594299, -122.388811"
"47.684768, -122.313334"
"47.684900, -122.296800"
"47.680140, -122.351947"
"47.687300, -122.377200"
"47.673400, -122.342600"
"47.539800, -122.387800"
"47.718210, -122.316738"
"47.718210, -122.316738"
"47.718210, -122.316738"
"47.718210, -122.316738"
"47.673802, -122.368848"
"47.669838, -122.284677"
"47.633666, -122.358350"
"47.667223, -122.312937"
"47.737700, -122.343100"
"47.691826, -122.338965"
"47.686820, -122.331438"
"47.628843, -122.323666"
"47.669274, -122.317239"
"47.618502, -122.312787"
"47.719665, -122.318473"
"47.704766, -122.339501"
"47.674420, -122.376139"
"47.683427, -122.328222"
"47.775877, -122.373447"
"47.627888, -122.325747"
"47.637909, -122.374671"
"47.624982, -122.347140"
"47.611620, -122.294936"
"47.671586, -122.384241"
"47.645803, -122.324578"
"47.683220, -122.363039"
"47.710538, -122.320674"
"47.749063, -122.347977"
"47.667244, -122.279263"
"47.593259, -122.290430"
"47.534400, -122.354700"
"47.648800, -122.396400"
"47.678420, -122.326738"
"47.653507, -122.353363"
"47.667887, -122.318548"
"47.737700, -122.343100"
"47.630255, -122.342338"
"47.664116, -122.351475"
"47.619413, -122.344136"
"47.620020, -122.324037"
"47.611220, -122.340523"
"47.616330, -122.308397"
"47.684900, -122.296800"
"47.633658, -122.342227"
"47.690584, -122.346153"
"47.608020, -122.295036"
"47.702943, -122.359755"
"47.625936, -122.363684"
"47.615100, -122.344700"
"47.678854, -122.319717"
"47.613120, -122.317894"
"47.668620, -122.376039"
"47.625311, -122.326537"
"47.625311, -122.326537"
"47.625311, -122.326537"
"47.636231, -122.356838"
"47.568220, -122.365138"
"47.660220, -122.385940"
"47.755919, -122.342873"
"47.616420, -122.353338"
"47.696883, -122.328238"
"47.755919, -122.342873"
"47.670811, -122.385102"
"47.609482, -122.344866"
"47.737700, -122.343100"
"47.532512, -122.360270"
"47.623116, -122.331562"
"47.614582, -122.342666"
"47.612579, -122.329406"
"47.617490, -122.349608"
"47.623159, -122.339737"
"47.617620, -122.351638"
"47.529820, -122.392538"
"47.599079, -122.302046"
"47.599079, -122.302046"
"47.599079, -122.302046"
"47.616289, -122.316295"
"47.624420, -122.332937"
"47.650515, -122.333122"
"47.673720, -122.373339"
"47.588568, -122.292552"
"47.613266, -122.346497"
"47.625231, -122.320976"
"47.663191, -122.312837"
"47.625231, -122.320976"
"47.625231, -122.320976"
"47.652121, -122.389971"
"47.532512, -122.360270"
"47.616420, -122.353338"
"47.619365, -122.303489"
"47.717649, -122.298021"
"47.668589, -122.387500"
"47.618965, -122.338357"
"47.564362, -122.373479"
"47.690869, -122.290537"
"47.621264, -122.359240"
"47.615100, -122.344700"
"47.615777, -122.332529"
"47.562902, -122.385437"
"47.624418, -122.365363"
"47.627352, -122.342433"
"47.633900, -122.347600"
"47.574600, -122.393400"
"47.712510, -122.344467"
"47.633528, -122.344823"
"47.739064, -122.342720"
"47.739049, -122.342677"
"47.739064, -122.342892"
"47.612528, -122.348424"
"47.612528, -122.348424"
"47.669896, -122.329245"
"47.710585, -122.325554"
"47.524600, -122.363323"
"47.553920, -122.386838"
"47.522661, -122.390138"
"47.648420, -122.383339"
"47.648867, -122.383146"
"47.682119, -122.395978"
"47.534400, -122.354700"
"47.673400, -122.342600"
"47.603600, -122.325600"
"47.617830, -122.307324"
"47.632373, -122.343542"
"47.690869, -122.290537"
"47.692613, -122.353850"
"47.621264, -122.359240"
"47.627483, -122.341990"
"47.614620, -122.340437"
"47.659220, -122.342038"
"47.613971, -122.333512"
"47.564020, -122.375738"
"47.620097, -122.357829"
"47.617420, -122.347138"
"47.612702, -122.348835"
"47.712510, -122.344467"
"47.712510, -122.344467"
"47.621264, -122.359240"
"47.675560, -122.312121"
"47.675603, -122.312143"
"47.668123, -122.402126"
"47.647702, -122.378739"
"47.673400, -122.342600"
"47.618595, -122.309954"
"47.636020, -122.371639"
"47.706366, -122.333735"
"47.731357, -122.348042"
"47.619601, -122.353964"
"47.616853, -122.349050"
"47.647702, -122.378739"
"47.647702, -122.378739"
"47.666471, -122.300895"
"47.615622, -122.326755"
"47.623116, -122.331562"
"47.539800, -122.387800"
"47.623520, -122.360538"
"47.616420, -122.353338"
"47.700332, -122.317471"
"47.720041, -122.299290"
"47.613129, -122.332063"
"47.775243, -122.351732"
"47.613120, -122.313831"
"47.618965, -122.338357"
"47.614620, -122.340437"
"47.584600, -122.300500"
"47.615507, -122.351088"
"47.641919, -122.345266"
"47.707986, -122.333944"
"47.605989, -122.332034"
"47.615100, -122.344700"
"47.737700, -122.343100"
"47.668620, -122.368583"
"47.594197, -122.301076"
"47.643201, -122.349029"
"47.627285, -122.320218"
"47.692220, -122.282537"
"47.638720, -122.374988"
"47.648549, -122.359865"
"47.670100, -122.376300"
"47.651224, -122.320930"
"47.534400, -122.354700"
"47.672410, -122.275536"
"47.626080, -122.342682"
"47.611168, -122.341261"
"47.669491, -122.393489"
"47.623868, -122.296865"
"47.650981, -122.343838"
"47.647702, -122.378739"
"47.666471, -122.300895"
"47.611950, -122.347612"
"47.617244, -122.352548"
"47.611950, -122.347591"
"47.663300, -122.302200"
"47.633557, -122.344780"
"47.615777, -122.332529"
"47.676420, -122.319460"
"47.619124, -122.346668"
"47.619124, -122.346668"
"47.619515, -122.345531"
"47.686976, -122.376640"
"47.564466, -122.372792"
"47.625044, -122.363138"
"47.589520, -122.386339"
"47.539120, -122.353807"
"47.613382, -122.315683"
"47.623520, -122.360538"
"47.666770, -122.382106"
"47.613136, -122.346582"
"47.615420, -122.326737"
"47.616057, -122.326795"
"47.612320, -122.347938"
"47.617420, -122.347138"
"47.755919, -122.342873"
"47.623520, -122.360538"
"47.623289, -122.360466"
"47.618965, -122.338357"
"47.607692, -122.327833"
"47.708622, -122.323084"
"47.708622, -122.323084"
"47.564419, -122.373102"
"47.673400, -122.342600"
"47.633900, -122.347600"
"47.633900, -122.347600"
"47.647702, -122.378739"
"47.711480, -122.326455"
"47.651693, -122.392940"
"47.611220, -122.340523"
"47.633900, -122.347600"
"47.633900, -122.347600"
"47.620120, -122.314237"
"47.670100, -122.376300"
"47.682420, -122.354641"
"47.625044, -122.363138"
"47.702432, -122.302259"
"47.702340, -122.302191"
"47.619659, -122.322271"
"47.666247, -122.380443"
"47.710570, -122.325661"
"47.588814, -122.317046"
"47.692320, -122.343439"
"47.613129, -122.332063"
"47.621264, -122.359240"
"47.666413, -122.300895"
"47.606400, -122.337504"
"47.717000, -122.301500"
"47.620133, -122.347567"
"47.620281, -122.319825"
"47.732122, -122.337356"
"47.669419, -122.393316"
"47.669419, -122.393316"
"47.615100, -122.344700"
"47.735211, -122.337044"
"47.739020, -122.342656"
"47.606400, -122.337504"
"47.627651, -122.342600"
"47.673400, -122.342600"
"47.633222, -122.341048"
"47.649259, -122.346528"
"47.619820, -122.310998"
"47.627352, -122.342433"
"47.634045, -122.346747"
"47.634045, -122.346747"
"47.670811, -122.385102"
"47.722852, -122.293011"
"47.627352, -122.342433"
"47.615777, -122.332529"
"47.652675, -122.374639"
"47.611600, -122.305600"
"47.611600, -122.305600"
"47.673696, -122.387395"
"47.625311, -122.326537"
"47.606400, -122.337504"
"47.618720, -122.346438"
"47.670811, -122.385102"
"47.670811, -122.385102"
"47.613512, -122.312958"
"47.646098, -122.323870"
"47.555290, -122.283628"
"47.633900, -122.347600"
"47.624513, -122.318913"
"47.684900, -122.296800"
"47.695278, -122.317636"
"47.520374, -122.335746"
"47.662344, -122.319876"
"47.618720, -122.346438"
"47.625231, -122.320976"
"47.630200, -122.321000"
"47.630200, -122.321000"
"47.625231, -122.320976"
"47.691566, -122.356904"
"47.652121, -122.389971"
"47.625231, -122.320976"
"47.649026, -122.336605"
"47.775654, -122.346185"
"47.534400, -122.354700"
"47.614148, -122.344227"
"47.614180, -122.344323"
"47.732020, -122.315194"
"47.614557, -122.316706"
"47.614557, -122.316706"
"47.633499, -122.344694"
"47.627144, -122.357857"
"47.613120, -122.319787"
"47.621264, -122.359240"
"47.678620, -122.319282"
"47.617764, -122.337635"
"47.734821, -122.292938"
"47.621120, -122.332937"
"47.730077, -122.292537"
"47.623220, -122.323937"
"47.611600, -122.305600"
"47.636220, -122.356838"
"47.668620, -122.376639"
"47.668620, -122.376639"
"47.668620, -122.376639"
"47.652121, -122.389971"
"47.725685, -122.355638"
"47.725771, -122.355595"
"47.614162, -122.344315"
"47.627352, -122.342433"
"47.670120, -122.382485"
"47.669954, -122.383468"
"47.670120, -122.382485"
"47.615491, -122.349767"
"47.719220, -122.295037"
"47.564419, -122.373102"
"47.617885, -122.322137"
"47.683120, -122.326838"
"47.630200, -122.321000"
"47.604731, -122.318001"
"47.639215, -122.387775"
"47.603600, -122.325600"
"47.616220, -122.308636"
"47.625602, -122.352828"
"47.616220, -122.308636"
"47.611600, -122.305600"
"47.636231, -122.356838"
"47.532512, -122.360270"
"47.663300, -122.302200"
"47.612528, -122.348424"
"47.612528, -122.348424"
"47.612528, -122.348424"
"47.612528, -122.348424"
"47.614188, -122.344338"
"47.668589, -122.387500"
"47.670811, -122.385102"
"47.670811, -122.385102"
"47.520360, -122.335703"
"47.647702, -122.378739"
"47.647565, -122.378739"
"47.647702, -122.378739"
"47.612470, -122.328150"
"47.633586, -122.342269"
"47.633701, -122.342248"
"47.666020, -122.379839"
"47.666020, -122.379839"
"47.603600, -122.325600"
"47.673400, -122.342600"
"47.722831, -122.293028"
"47.719220, -122.295037"
"47.615100, -122.344700"
"47.620133, -122.347567"
"47.616680, -122.348685"
"47.663942, -122.316134"
"47.703076, -122.323709"
"47.610100, -122.324039"
"47.609920, -122.323737"
"47.617171, -122.352526"
"47.656962, -122.342548"
"47.616220, -122.308636"
"47.627651, -122.342600"
"47.666621, -122.300882"
"47.623320, -122.314400"
"47.611600, -122.305600"
"47.611357, -122.326519"
"47.649259, -122.346528"
"47.649820, -122.344638"
"47.611921, -122.347612"
"47.611935, -122.347677"
"47.623316, -122.322996"
"47.611620, -122.311236"
"47.645745, -122.324159"
"47.640686, -122.278436"
"47.604820, -122.326837"
"47.640848, -122.343659"
"47.656141, -122.319729"
"47.709978, -122.359650"
"47.668589, -122.387500"
"47.620120, -122.315351"
"47.612424, -122.326000"
"47.612424, -122.326000"
"47.612424, -122.326000"
"47.708628, -122.322921"
"47.613320, -122.332837"
"47.612846, -122.348449"
"47.613320, -122.332837"
"47.673400, -122.342600"
"47.560050, -122.385700"
"47.616824, -122.348878"
"47.617273, -122.352633"
"47.720041, -122.299290"
"47.541200, -122.275000"
"47.621120, -122.332937"
"47.634019, -122.325285"
"47.584600, -122.300500"
"47.603649, -122.336476"
"47.673400, -122.342600"
"47.731242, -122.347012"
"47.626717, -122.342737"
"47.539800, -122.387800"
"47.599079, -122.302046"
"47.575620, -122.386438"
"47.612528, -122.348424"
"47.739028, -122.342656"
"47.739121, -122.342720"
"47.739121, -122.342892"
"47.739107, -122.342806"
"47.739035, -122.342677"
"47.739092, -122.342784"
"47.739020, -122.342656"
"47.739092, -122.342892"
"47.739092, -122.342935"
"47.622913, -122.324245"
"47.622913, -122.324245"
"47.617747, -122.314139"
"47.581818, -122.315175"
"47.681281, -122.264786"
"47.775654, -122.346185"
"47.615100, -122.344700"
"47.626322, -122.355285"
"47.620097, -122.357829"
"47.647702, -122.378739"
"47.616420, -122.353338"
"47.612528, -122.348424"
"47.717000, -122.301500"
"47.562920, -122.385438"
"47.626080, -122.342682"
"47.722820, -122.293037"
"47.614163, -122.345483"
"47.623320, -122.314400"
"47.619356, -122.354372"
"47.615262, -122.291501"
"47.611600, -122.305600"
"47.614237, -122.344376"
"47.614239, -122.344272"
"47.615622, -122.326755"
"47.703047, -122.323773"
"47.663942, -122.316134"
"47.603600, -122.325600"
"47.562671, -122.380131"
"47.617504, -122.352161"
"47.605310, -122.319115"
"47.668599, -122.396185"
"47.617420, -122.347138"
"47.668971, -122.398510"
"47.668599, -122.396185"
"47.633709, -122.360933"
"47.633900, -122.347600"
"47.637713, -122.373839"
"47.630785, -122.356624"
"47.679220, -122.291691"
"47.737700, -122.343100"
"47.719220, -122.295037"
"47.624418, -122.365363"
"47.534400, -122.354700"
"47.627352, -122.342433"
"47.627397, -122.341840"
"47.617391, -122.348846"
"47.617391, -122.348846"
"47.618720, -122.324137"
"47.626720, -122.325337"
"47.619616, -122.353964"
"47.708622, -122.323084"
"47.605310, -122.319115"
"47.617391, -122.348846"
"47.623320, -122.314400"
"47.623320, -122.314400"
"47.605310, -122.319115"
"47.605310, -122.319115"
"47.612320, -122.322937"
"47.597520, -122.326749"
"47.613129, -122.332063"
"47.612528, -122.348424"
"47.657684, -122.314546"
"47.588597, -122.316220"
"47.663300, -122.302200"
"47.626720, -122.325337"
"47.626720, -122.325337"
"47.626720, -122.325337"
"47.620020, -122.324037"
"47.613411, -122.315683"
"47.615320, -122.315737"
"47.613120, -122.319787"
"47.614210, -122.344431"
"47.614266, -122.344323"
"47.614198, -122.344472"
"47.556376, -122.386932"
"47.717000, -122.301500"
"47.560036, -122.385635"
"47.623320, -122.314400"
"47.623320, -122.314400"
"47.623320, -122.314400"
"47.623320, -122.314400"
"47.678420, -122.326738"
"47.715720, -122.298037"
"47.686976, -122.376640"
"47.612818, -122.317572"
"47.613078, -122.314047"
"47.731862, -122.314289"
"47.626471, -122.361259"
"47.669289, -122.377481"
"47.564419, -122.373102"
"47.520331, -122.335703"
"47.617391, -122.348846"
"47.634120, -122.341888"
"47.737700, -122.343100"
"47.645620, -122.325637"
"47.617567, -122.346942"
"47.622031, -122.359436"
"47.676420, -122.319460"
"47.614620, -122.340437"
"47.626717, -122.342737"
"47.612721, -122.348678"
"47.620281, -122.319825"
"47.541200, -122.275000"
"47.619110, -122.316637"
"47.659144, -122.344093"
"47.636220, -122.356838"
"47.676420, -122.319460"
"47.613382, -122.315705"
"47.673750, -122.317075"
"47.609852, -122.316349"
"47.619498, -122.337363"
"47.679038, -122.324554"
"47.603600, -122.325600"
"47.633222, -122.341048"
"47.608948, -122.339061"
"47.618112, -122.356281"
"47.607692, -122.327833"
"47.544400, -122.373500"
"47.617360, -122.352719"
"47.626080, -122.342682"
"47.610100, -122.324039"
"47.627651, -122.342600"
"47.730077, -122.292537"
"47.666506, -122.300895"
"47.623320, -122.314400"
"47.674173, -122.316499"
"47.621220, -122.321988"
"47.613419, -122.323245"
"47.616159, -122.325468"
"47.625722, -122.360938"
"47.654847, -122.357442"
"47.658450, -122.345123"
"47.717000, -122.301500"
"47.732239, -122.339335"
"47.612861, -122.349136"
"47.612673, -122.348943"
"47.767632, -122.345377"
"47.583386, -122.374364"
"47.739020, -122.342720"
"47.739092, -122.342892"
"47.739092, -122.342720"
"47.739092, -122.343063"
"47.739064, -122.342849"
"47.739064, -122.342978"
"47.620277, -122.319537"
"47.620267, -122.319760"
"47.620277, -122.319537"
"47.619257, -122.322168"
"47.623320, -122.314400"
"47.645620, -122.325637"
"47.645620, -122.325637"
"47.597520, -122.326749"
"47.544400, -122.373500"
"47.623463, -122.354758"
"47.618806, -122.354038"
"47.663300, -122.302200"
"47.638442, -122.359639"
"47.717000, -122.301500"
"47.614496, -122.348278"
"47.615100, -122.344700"
"47.673400, -122.342600"
"47.615507, -122.351088"
"47.637900, -122.364300"
"47.730376, -122.358212"
"47.619820, -122.310998"
"47.618067, -122.326819"
"47.604716, -122.317958"
"47.732122, -122.347419"
"47.687300, -122.377200"
"47.615100, -122.344700"
"47.593529, -122.308393"
"47.607364, -122.326777"
"47.616528, -122.317014"
"47.639172, -122.358238"
"47.616095, -122.335811"
"47.623320, -122.314400"
"47.614918, -122.344809"
"47.620097, -122.357829"
"47.615820, -122.352238"
"47.668277, -122.339458"
"47.676561, -122.377009"
"47.693689, -122.284248"
"47.662344, -122.319876"
"47.621120, -122.356638"
"47.673400, -122.342600"
"47.693998, -122.342375"
"47.608920, -122.328937"
"47.608934, -122.328949"
"47.637900, -122.364300"
"47.687300, -122.377200"
"47.676525, -122.377009"
"47.662344, -122.319876"
"47.663300, -122.302200"
"47.617446, -122.331347"
"47.609577, -122.316027"
"47.619920, -122.337837"
"47.648800, -122.396400"
"47.607820, -122.326537"
"47.614918, -122.344809"
"47.607420, -122.340237"
"47.614918, -122.344809"
"47.614195, -122.323175"
"47.614195, -122.323175"
"47.631624, -122.361818"
"47.660520, -122.287973"
"47.663300, -122.302200"
"47.674520, -122.369103"
"47.723938, -122.332420"
"47.660420, -122.331238"
"47.665416, -122.318559"
"47.663300, -122.302200"
"47.518847, -122.365837"
"47.670100, -122.376300"
"47.614620, -122.340437"
"47.622220, -122.330887"
"47.677829, -122.372651"
"47.686574, -122.289556"
"47.719320, -122.301838"
"47.596768, -122.331848"
"47.652121, -122.389971"
"47.612413, -122.313709"
"47.665048, -122.318537"
"47.669362, -122.317183"
"47.575159, -122.381238"
"47.670100, -122.376300"
"47.696447, -122.339823"
"47.665503, -122.276974"
"47.731444, -122.310705"
"47.566121, -122.378554"
"47.613971, -122.333512"
"47.613904, -122.334633"
"47.697188, -122.343665"
"47.578451, -122.396708"
"47.648965, -122.402321"
"47.689019, -122.388540"
"47.546540, -122.383018"
"47.706468, -122.332404"
"47.670100, -122.376300"
"47.670100, -122.376300"
"47.581606, -122.404153"
"47.624420, -122.324037"
"47.586252, -122.397838"
"47.673956, -122.399797"
"47.661220, -122.284836"
"47.687300, -122.377200"
"47.611400, -122.330500"
"47.620020, -122.323137"
"47.651397, -122.400312"
"47.633900, -122.347600"
"47.559075, -122.396157"
"47.600376, -122.332807"
"47.571054, -122.392094"
"47.705120, -122.341939"
"47.630255, -122.342338"
"47.619500, -122.344072"
"47.608619, -122.337989"
"47.642363, -122.394299"
"47.737700, -122.343100"
"47.606409, -122.331164"
"47.626032, -122.363920"
"47.651310, -122.321692"
"47.620097, -122.357829"
"47.597800, -122.332850"
"47.717000, -122.301500"
"47.616144, -122.333236"
"47.670811, -122.385102"
"47.622220, -122.330887"
"47.637221, -122.356925"
"47.670811, -122.385102"
"47.611220, -122.340523"
"47.564466, -122.372792"
"47.670100, -122.376300"
"47.614684, -122.342688"
"47.611220, -122.340523"
"47.611600, -122.305600"
"47.673720, -122.373339"
"47.673797, -122.374091"
"47.674476, -122.388833"
"47.696420, -122.341839"
"47.765121, -122.361428"
"47.613237, -122.346518"
"47.616600, -122.353652"
"47.720974, -122.292232"
"47.652121, -122.389971"
"47.619309, -122.327837"
"47.596903, -122.331133"
"47.616420, -122.353338"
"47.612528, -122.348424"
"47.621264, -122.359240"
"47.670811, -122.385102"
"47.618732, -122.357318"
"47.562920, -122.385438"
"47.584600, -122.300500"
"47.623784, -122.331641"
"47.603600, -122.325600"
"47.633412, -122.344780"
"47.739092, -122.342720"
"47.739092, -122.342806"
"47.619144, -122.322157"
"47.660046, -122.393992"
"47.619066, -122.306199"
"47.619052, -122.306263"
"47.688816, -122.369139"
"47.618720, -122.312537"
"47.650220, -122.384739"
"47.555720, -122.385838"
"47.652120, -122.353238"
"47.614387, -122.341014"
"47.739121, -122.342763"
"47.616144, -122.324395"
"47.621120, -122.332937"
"47.597844, -122.332828"
"47.648347, -122.383296"
"47.702220, -122.352280"
"47.665965, -122.316563"
"47.763579, -122.348230"
"47.777819, -122.358041"
"47.730549, -122.346840"
"47.624418, -122.365363"
"47.564020, -122.375738"
"47.626717, -122.342737"
"47.675863, -122.281351"
"47.612224, -122.348256"
"47.623420, -122.331637"
"47.539800, -122.387800"
"47.616420, -122.353338"
"47.626717, -122.342737"
"47.611600, -122.305600"
"47.636231, -122.356838"
"47.618965, -122.338357"
"47.630200, -122.321000"
"47.675892, -122.301468"
"47.594197, -122.301076"
"47.657619, -122.403540"
"47.638779, -122.324637"
"47.639820, -122.324637"
"47.727388, -122.336766"
"47.586701, -122.299225"
"47.600320, -122.303236"
"47.675920, -122.373339"
"47.737700, -122.343100"
"47.619471, -122.312980"
"47.633900, -122.347600"
"47.626080, -122.342682"
"47.628249, -122.347452"
"47.668620, -122.376639"
"47.618720, -122.346438"
"47.613120, -122.319787"
"47.613120, -122.319787"
"47.611921, -122.347591"
"47.609220, -122.344537"
"47.620097, -122.357829"
"47.668530, -122.311925"
"47.587200, -122.311918"
"47.613320, -122.332837"
"47.623220, -122.326437"
"47.640061, -122.320137"
"47.671219, -122.401697"
"47.555720, -122.385838"
"47.630255, -122.342338"
"47.597728, -122.332871"
"47.613281, -122.346498"
"47.615420, -122.326737"
"47.755919, -122.342873"
"47.640686, -122.278436"
"47.618965, -122.338357"
"47.658334, -122.342513"
"47.673719, -122.387692"
"47.630200, -122.321000"
"47.633900, -122.347600"
"47.623449, -122.354758"
"47.629020, -122.347538"
"47.647566, -122.377245"
"47.623784, -122.331641"
"47.647624, -122.377224"
"47.633900, -122.347600"
"47.633900, -122.347600"
"47.645620, -122.325637"
"47.687300, -122.377200"
"47.660612, -122.322837"
"47.623369, -122.314537"
"47.702316, -122.302397"
"47.678043, -122.355138"
"47.765121, -122.361428"
"47.670811, -122.385102"
"47.670811, -122.385102"
"47.618818, -122.342438"
"47.619486, -122.313001"
"47.619144, -122.322157"
"47.615820, -122.352238"
"47.739150, -122.342978"
"47.633900, -122.347600"
"47.683145, -122.317425"
"47.683145, -122.317425"
"47.709920, -122.327335"
"47.649259, -122.346528"
"47.705120, -122.333738"
"47.670811, -122.385102"
"47.670811, -122.385102"
"47.625231, -122.320976"
"47.636138, -122.321477"
"47.613454, -122.315662"
"47.612181, -122.342741"
"47.673750, -122.317075"
"47.615820, -122.352238"
"47.726433, -122.312928"
"47.606400, -122.337504"
"47.670811, -122.385102"
"47.670811, -122.385102"
"47.690844, -122.351159"
"47.625520, -122.347538"
"47.584600, -122.300500"
"47.626529, -122.325296"
"47.625246, -122.320001"
"47.711920, -122.291937"
"47.520302, -122.335682"
"47.622220, -122.330887"
"47.622220, -122.330887"
"47.772319, -122.346141"
"47.616116, -122.333236"
"47.627651, -122.342600"
"47.737700, -122.343100"
"47.614199, -122.344453"
"47.614557, -122.316706"
"47.621264, -122.359240"
"47.673750, -122.317075"
"47.614557, -122.316706"
"47.623784, -122.331641"
"47.623220, -122.323937"
"47.652121, -122.389971"
"47.625593, -122.344938"
"47.668620, -122.376639"
"47.611600, -122.305600"
"47.613120, -122.313831"
"47.622031, -122.359436"
"47.622220, -122.330887"
"47.640136, -122.330360"
"47.614181, -122.344388"
"47.614231, -122.344351"
"47.632589, -122.365043"
"47.669318, -122.339973"
"47.623784, -122.331641"
"47.614168, -122.344367"
"47.623784, -122.331641"
"47.630200, -122.321000"
"47.668620, -122.370896"
"47.639218, -122.387694"
"47.630200, -122.321000"
"47.639220, -122.386839"
"47.737700, -122.343100"
"47.597250, -122.332420"
"47.606400, -122.337504"
"47.668589, -122.387500"
"47.618184, -122.348192"
"47.697901, -122.349440"
"47.690520, -122.349302"
"47.627651, -122.342600"
"47.617420, -122.347138"
"47.669289, -122.377610"
"47.614264, -122.344391"
"47.670763, -122.387500"
"47.670811, -122.385102"
"47.739121, -122.342806"
"47.649900, -122.350811"
"47.649900, -122.350811"
"47.649900, -122.350811"
"47.612514, -122.328215"
"47.670763, -122.387500"
"47.654216, -122.370572"
"47.603600, -122.325600"
"47.686976, -122.376640"
"47.670811, -122.385102"
"47.650420, -122.400940"
"47.658528, -122.400991"
"47.722852, -122.293011"
"47.680426, -122.324060"
"47.616868, -122.348964"
"47.597627, -122.287252"
"47.597627, -122.287252"
"47.615100, -122.344700"
"47.631420, -122.351138"
"47.680426, -122.324060"
"47.652620, -122.347038"
"47.559220, -122.362637"
"47.617020, -122.352438"
"47.620133, -122.347567"
"47.712220, -122.313638"
"47.616330, -122.308397"
"47.656846, -122.342548"
"47.617520, -122.345338"
"47.648420, -122.383339"
"47.624996, -122.323226"
"47.680426, -122.324060"
"47.611964, -122.347612"
"47.620365, -122.315617"
"47.627455, -122.365143"
"47.604820, -122.326837"
"47.612485, -122.328129"
"47.640686, -122.278436"
"47.620020, -122.322237"
"47.663300, -122.302200"
"47.709444, -122.332420"
"47.615100, -122.344700"
"47.613320, -122.332837"
"47.696419, -122.371320"
"47.614244, -122.337590"
"47.620020, -122.324037"
"47.623246, -122.314911"
"47.737700, -122.343100"
"47.611600, -122.305600"
"47.539800, -122.387800"
"47.619257, -122.322168"
"47.739064, -122.342849"
"47.739136, -122.342913"
"47.739078, -122.342806"
"47.739078, -122.342720"
"47.739078, -122.342870"
"47.739107, -122.342849"
"47.739064, -122.342806"
"47.739006, -122.342720"
"47.739064, -122.342720"
"47.739049, -122.342741"
"47.739208, -122.342892"
"47.739092, -122.342763"
"47.641104, -122.373619"
"47.611220, -122.340523"
"47.636220, -122.356838"
"47.584600, -122.300500"
"47.626080, -122.342682"
"47.637900, -122.364300"
"47.619182, -122.354414"
"47.614110, -122.344394"
"47.606400, -122.337504"
"47.654370, -122.342296"
"47.596672, -122.331734"
"47.658985, -122.316520"
"47.680426, -122.324060"
"47.617420, -122.347138"
"47.659570, -122.349863"
"47.617391, -122.348846"
"47.675935, -122.301478"
"47.700120, -122.355339"
"47.645620, -122.325637"
"47.614250, -122.344356"
"47.690620, -122.351139"
"47.645620, -122.325637"
"47.652620, -122.347038"
"47.597520, -122.326749"
"47.615820, -122.352238"
"47.613411, -122.315640"
"47.670811, -122.385102"
"47.613120, -122.317894"
"47.611600, -122.305600"
"47.674520, -122.353976"
"47.672219, -122.387540"
"47.659220, -122.344438"
"47.617391, -122.348846"
"47.622031, -122.359478"
"47.709877, -122.327249"
"47.614620, -122.340437"
"47.663104, -122.320404"
"47.654847, -122.357442"
"47.624418, -122.365363"
"47.608920, -122.328937"
"47.613120, -122.317894"
"47.708628, -122.322921"
"47.626948, -122.319996"
"47.673750, -122.317075"
"47.670811, -122.385102"
"47.597058, -122.331848"
"47.609317, -122.316628"
"47.633222, -122.341048"
"47.777819, -122.358041"
"47.596961, -122.332277"
"47.617273, -122.352591"
"47.564362, -122.373479"
"47.629020, -122.347538"
"47.717000, -122.301500"
"47.619144, -122.322157"
"47.649259, -122.346528"
"47.613419, -122.323245"
"47.621959, -122.311714"
"47.672219, -122.387540"
"47.615320, -122.316619"
"47.596845, -122.330875"
"47.523736, -122.313924"
"47.556376, -122.386932"
"47.615100, -122.344700"
"47.739092, -122.342849"
"47.669318, -122.339973"
"47.623320, -122.314400"
"47.709531, -122.331905"
"47.679580, -122.375636"
"47.623434, -122.354758"
"47.620133, -122.347567"
"47.616882, -122.348835"
"47.624820, -122.359138"
"47.617273, -122.352676"
"47.617273, -122.352676"
"47.622508, -122.326369"
"47.616911, -122.352505"
"47.609120, -122.301336"
"47.662974, -122.320383"
"47.614881, -122.340894"
"47.598420, -122.324937"
"47.620097, -122.357829"
"47.608920, -122.328937"
"47.608934, -122.328949"
"47.608796, -122.329062"
"47.608934, -122.328949"
"47.608920, -122.328937"
"47.608934, -122.328949"
"47.608920, -122.328937"
"47.598420, -122.324937"
"47.614918, -122.344809"
"47.614918, -122.344809"
"47.675520, -122.268836"
"47.614918, -122.344809"
"47.607444, -122.340254"
"47.614918, -122.344809"
"47.667266, -122.302057"
"47.625083, -122.317100"
"47.614195, -122.323175"
"47.614195, -122.323175"
"47.614195, -122.323175"
"47.612904, -122.344329"
"47.611600, -122.305600"
"47.599493, -122.285922"
"47.582967, -122.382234"
"47.577221, -122.288835"
"47.539651, -122.390506"
"47.718210, -122.316738"
"47.667201, -122.312894"
"47.589581, -122.313623"
"47.719517, -122.309816"
"47.725945, -122.316456"
"47.679320, -122.268836"
"47.560803, -122.272296"
"47.595520, -122.296436"
"47.635545, -122.324374"
"47.642608, -122.375014"
"47.637998, -122.367666"
"47.613971, -122.333512"
"47.728262, -122.288437"
"47.611600, -122.305600"
"47.581968, -122.387588"
"47.609020, -122.296036"
"47.630129, -122.347417"
"47.574904, -122.412243"
"47.615120, -122.353238"
"47.631713, -122.345188"
"47.642131, -122.344415"
"47.670811, -122.385102"
"47.670811, -122.385102"
"47.619197, -122.301128"
"47.675620, -122.318537"
"47.668420, -122.316237"
"47.611220, -122.340523"
"47.612268, -122.345102"
"47.647046, -122.323955"
"47.685889, -122.337816"
"47.647046, -122.323955"
"47.633542, -122.342141"
"47.568075, -122.361137"
"47.737700, -122.343100"
"47.650320, -122.321937"
"47.584600, -122.300500"
"47.568220, -122.365138"
"47.730077, -122.292537"
"47.636231, -122.356838"
"47.629620, -122.356638"
"47.627136, -122.342935"
"47.637221, -122.356925"
"47.564466, -122.372792"
"47.775654, -122.346185"
"47.737700, -122.343100"
"47.661420, -122.342838"
"47.616333, -122.316477"
"47.532512, -122.360270"
"47.564745, -122.372572"
"47.622046, -122.359564"
"47.647312, -122.336138"
"47.618965, -122.338357"
"47.532512, -122.360270"
"47.618920, -122.322137"
"47.639920, -122.373839"
"47.690869, -122.290537"
"47.614244, -122.337590"
"47.621264, -122.359240"
"47.584600, -122.300500"
"47.739006, -122.342720"
"47.626746, -122.361174"
"47.626789, -122.361109"
"47.617720, -122.311041"
"47.579363, -122.409410"
"47.705541, -122.333737"
"47.621264, -122.359240"
"47.620277, -122.319537"
"47.634073, -122.342338"
"47.584600, -122.300500"
"47.532227, -122.343621"
"47.649900, -122.350811"
"47.621120, -122.332937"
"47.712510, -122.344467"
"47.633900, -122.347600"
"47.534400, -122.354700"
"47.580632, -122.385038"
"47.619572, -122.353921"
"47.616716, -122.349542"
"47.647702, -122.378739"
"47.671688, -122.388854"
"47.671702, -122.388811"
"47.618965, -122.338357"
"47.635271, -122.356903"
"47.627651, -122.342600"
"47.615402, -122.351485"
"47.633900, -122.347600"
"47.719805, -122.318203"
"47.623785, -122.361838"
"47.737700, -122.343100"
"47.737700, -122.343100"
"47.647702, -122.378739"
"47.636231, -122.356838"
"47.625311, -122.326537"
"47.732020, -122.315194"
"47.534400, -122.354700"
"47.737700, -122.343100"
"47.614620, -122.340437"
"47.715566, -122.296114"
"47.611600, -122.305600"
"47.613223, -122.346539"
"47.621020, -122.324037"
"47.737700, -122.343100"
"47.615320, -122.351338"
"47.647702, -122.378739"
"47.616820, -122.346238"
"47.623116, -122.331562"
"47.628820, -122.320137"
"47.775654, -122.346185"
"47.702316, -122.302277"
"47.620720, -122.307902"
"47.733464, -122.294140"
"47.732223, -122.343535"
"47.621264, -122.359240"
"47.623477, -122.354779"
"47.670811, -122.385102"
"47.633900, -122.347600"
"47.668589, -122.387500"
"47.534023, -122.373769"
"47.616820, -122.346238"
"47.637237, -122.360916"
"47.668620, -122.376639"
"47.614620, -122.312537"
"47.620020, -122.324037"
"47.607335, -122.327957"
"47.627220, -122.341038"
"47.637900, -122.364300"
"47.637900, -122.364300"
"47.623520, -122.361838"
"47.690869, -122.290537"
"47.615410, -122.317894"
"47.613129, -122.332063"
"47.775654, -122.346185"
"47.737700, -122.343100"
"47.775654, -122.346185"
"47.614557, -122.316706"
"47.629661, -122.356638"
"47.621264, -122.359240"
"47.618769, -122.323119"
"47.668620, -122.376639"
"47.737700, -122.343100"
"47.700120, -122.355339"
"47.737700, -122.343100"
"47.614222, -122.344398"
"47.611921, -122.347612"
"47.638420, -122.320137"
"47.677120, -122.317337"
"47.775654, -122.346185"
"47.705520, -122.320293"
"47.719805, -122.318203"
"47.614163, -122.345483"
"47.597520, -122.326749"
"47.616820, -122.346238"
"47.616820, -122.346238"
"47.668620, -122.376639"
"47.663305, -122.315037"
"47.614293, -122.344337"
"47.612239, -122.348256"
"47.616420, -122.353338"
"47.668593, -122.387859"
"47.647702, -122.378739"
"47.633687, -122.342205"
"47.612499, -122.328236"
"47.636220, -122.356838"
"47.686976, -122.376640"
"47.615783, -122.348825"
"47.680426, -122.324060"
"47.611220, -122.340523"
"47.647624, -122.377267"
"47.680426, -122.324060"
"47.616820, -122.346238"
"47.615667, -122.320168"
"47.627651, -122.342600"
"47.621264, -122.359240"
"47.612745, -122.317507"
"47.606400, -122.337504"
"47.574600, -122.393400"
"47.648304, -122.383211"
"47.618719, -122.355659"
"47.663300, -122.302200"
"47.612253, -122.348235"
"47.709389, -122.332320"
"47.725800, -122.355595"
"47.725670, -122.355487"
"47.715580, -122.296093"
"47.620120, -122.315351"
"47.613020, -122.332850"
"47.613035, -122.332828"
"47.616820, -122.346238"
"47.539800, -122.387800"
"47.539800, -122.387800"
"47.575620, -122.386438"
"47.647702, -122.378739"
"47.675620, -122.318537"
"47.616820, -122.346238"
"47.623320, -122.314400"
"47.640975, -122.346367"
"47.656020, -122.319737"
"47.680426, -122.324060"
"47.691508, -122.340488"
"47.617391, -122.348846"
"47.534400, -122.354700"
"47.617391, -122.348846"
"47.614620, -122.312537"
"47.614865, -122.312537"
"47.614865, -122.312537"
"47.614620, -122.312537"
"47.614225, -122.344398"
"47.623420, -122.354779"
"47.652620, -122.345738"
"47.617220, -122.326837"
"47.615421, -122.315844"
"47.626720, -122.325337"
"47.616716, -122.349542"
"47.623320, -122.314400"
"47.627220, -122.341038"
"47.627220, -122.341038"
"47.627220, -122.341038"
"47.603600, -122.325600"
"47.616716, -122.349542"
"47.626717, -122.342737"
"47.686976, -122.376640"
"47.614728, -122.328245"
"47.613120, -122.313831"
"47.520345, -122.335575"
"47.614728, -122.328245"
"47.597757, -122.332935"
"47.615320, -122.327077"
"47.616716, -122.349542"
"47.663300, -122.302200"
"47.614620, -122.312537"
"47.614620, -122.312537"
"47.624646, -122.355058"
"47.607692, -122.327833"
"47.614244, -122.337590"
"47.625316, -122.320989"
"47.614865, -122.312537"
"47.626717, -122.342737"
"47.537121, -122.280859"
"47.611986, -122.327101"
"47.613419, -122.323245"
"47.620339, -122.319911"
"47.624418, -122.365363"
"47.645620, -122.325637"
"47.650542, -122.321749"
"47.619363, -122.326530"
"47.670100, -122.376300"
"47.624820, -122.359138"
"47.669405, -122.377589"
"47.619257, -122.322168"
"47.612832, -122.317593"
"47.666353, -122.312937"
"47.700120, -122.355339"
"47.634019, -122.325285"
"47.708628, -122.322921"
"47.615392, -122.343932"
"47.666515, -122.312937"
"47.616044, -122.327837"
"47.626139, -122.356013"
"47.675011, -122.391064"
"47.687300, -122.377200"
"47.618987, -122.330424"
"47.614918, -122.344809"
"47.677720, -122.372639"
"47.614728, -122.328245"
"47.542164, -122.262211"
"47.648800, -122.396400"
"47.649287, -122.384048"
"47.705120, -122.344639"
"47.691104, -122.342505"
"47.723725, -122.329823"
"47.748519, -122.348239"
"47.637223, -122.374939"
"47.616868, -122.348921"
"47.610100, -122.324039"
"47.673017, -122.375332"
"47.613223, -122.346518"
"47.669043, -122.376816"
"47.619144, -122.322157"
"47.556376, -122.386932"
"47.619144, -122.322157"
"47.619144, -122.322157"
"47.737700, -122.343100"
"47.619144, -122.322157"
"47.534400, -122.354700"
"47.755919, -122.342873"
"47.619144, -122.322157"
"47.632373, -122.343542"
"47.597902, -122.332850"
"47.556376, -122.386932"
"47.620097, -122.357829"
"47.652048, -122.344694"
"47.614244, -122.337590"
"47.633900, -122.347600"
"47.622002, -122.359521"
"47.777819, -122.358041"
"47.629544, -122.367639"
"47.620097, -122.357829"
"47.630255, -122.342338"
"47.548899, -122.387438"
"47.733320, -122.348042"
"47.618849, -122.354114"
"47.614757, -122.350493"
"47.633222, -122.341048"
"47.615120, -122.353238"
"47.749943, -122.367595"
"47.620097, -122.357829"
"47.605389, -122.336916"
"47.648354, -122.382621"
"47.625000, -122.363138"
"47.611400, -122.330500"
"47.717000, -122.301500"
"47.617736, -122.352118"
"47.611125, -122.322507"
"47.674563, -122.367954"
"47.617567, -122.346942"
"47.622404, -122.326519"
"47.611400, -122.330500"
"47.649740, -122.321021"
"47.698772, -122.365894"
"47.702282, -122.355155"
"47.691450, -122.342548"
"47.556376, -122.386932"
"47.562920, -122.385438"
"47.678406, -122.373233"
"47.613165, -122.346454"
"47.658720, -122.347138"
"47.615100, -122.344700"
"47.619544, -122.353899"
"47.626717, -122.342737"
"47.562902, -122.385437"
"47.620097, -122.357829"
"47.617520, -122.345338"
"47.619144, -122.322157"
"47.626920, -122.320237"
"47.624796, -122.347547"
"47.624796, -122.347547"
"47.614163, -122.345483"
"47.614620, -122.312537"
"47.660852, -122.318462"
"47.614918, -122.344809"
"47.600298, -122.302036"
"47.616716, -122.349542"
"47.619144, -122.322157"
"47.609211, -122.326178"
"47.636165, -122.325610"
"47.614214, -122.344355"
"47.583321, -122.400506"
"47.696020, -122.355139"
"47.755919, -122.342873"
"47.614620, -122.312537"
"47.614189, -122.344351"
"47.614275, -122.344405"
"47.619257, -122.322168"
"47.622404, -122.326519"
"47.567601, -122.294088"
"47.755919, -122.342873"
"47.640975, -122.346367"
"47.673750, -122.317075"
"47.674476, -122.273862"
"47.614620, -122.312537"
"47.616824, -122.348878"
"47.616680, -122.348685"
"47.616897, -122.348900"
"47.616882, -122.348900"
"47.520287, -122.335660"
"47.614918, -122.344809"
"47.626080, -122.342682"
"47.623320, -122.323037"
"47.626812, -122.359244"
"47.617520, -122.345338"
"47.696420, -122.344266"
"47.696420, -122.344266"
"47.638779, -122.324637"
"47.624418, -122.365363"
"47.731720, -122.292537"
"47.614120, -122.349538"
"47.636920, -122.325837"
"47.564020, -122.375738"
"47.670811, -122.385102"
"47.689514, -122.301056"
"47.715920, -122.283037"
"47.650981, -122.343838"
"47.638473, -122.324637"
"47.702340, -122.302277"
"47.613120, -122.319787"
"47.634073, -122.342338"
"47.597520, -122.326749"
"47.626812, -122.359244"
"47.737700, -122.343100"
"47.623491, -122.314537"
"47.640447, -122.325864"
"47.574600, -122.393400"
"47.755919, -122.342873"
"47.611600, -122.305600"
"47.614238, -122.344331"
"47.633900, -122.347600"
"47.652121, -122.389971"
"47.611600, -122.305600"
"47.657406, -122.314202"
"47.633499, -122.344780"
"47.622391, -122.308536"
"47.616795, -122.348921"
"47.609621, -122.315962"
"47.636220, -122.356838"
"47.541300, -122.312900"
"47.616897, -122.348921"
"47.614273, -122.344409"
"47.616955, -122.348921"
"47.620133, -122.347567"
"47.633900, -122.347600"
"47.616955, -122.348921"
"47.532936, -122.362998"
"47.616420, -122.353338"
"47.606212, -122.331218"
"47.612789, -122.317636"
"47.670100, -122.376300"
"47.636231, -122.356838"
"47.647639, -122.377310"
"47.615191, -122.311260"
"47.660852, -122.318462"
"47.626985, -122.354007"
"47.628120, -122.345338"
"47.648511, -122.383344"
"47.659420, -122.348411"
"47.650275, -122.386036"
"47.668620, -122.376639"
"47.592720, -122.297936"
"47.617391, -122.348846"
"47.731978, -122.314138"
"47.615320, -122.315737"
"47.611600, -122.305600"
"47.633900, -122.347600"
"47.633900, -122.347600"
"47.637820, -122.371639"
"47.660852, -122.318462"
"47.613120, -122.317894"
"47.614918, -122.344809"
"47.684900, -122.296800"
"47.528909, -122.372804"
"47.614163, -122.345483"
"47.613120, -122.317894"
"47.668147, -122.302358"
"47.664737, -122.283282"
"47.668620, -122.376639"
"47.663061, -122.320383"
"47.673750, -122.317075"
"47.614620, -122.340437"
"47.619008, -122.357483"
"47.731992, -122.314138"
"47.659820, -122.314188"
"47.673750, -122.317075"
"47.614557, -122.316706"
"47.775654, -122.346185"
"47.621973, -122.359564"
"47.731963, -122.314203"
"47.670811, -122.385102"
"47.612977, -122.332850"
"47.645620, -122.325637"
"47.607820, -122.326537"
"47.614557, -122.316706"
"47.606210, -122.332070"
"47.614248, -122.344351"
"47.668620, -122.376639"
"47.775654, -122.346185"
"47.614865, -122.312537"
"47.617128, -122.352473"
"47.605310, -122.319115"
"47.614620, -122.312537"
"47.613971, -122.333512"
"47.605310, -122.319115"
"47.737700, -122.343100"
"47.611600, -122.305600"
"47.672320, -122.373625"
"47.583307, -122.292981"
"47.683278, -122.314137"
"47.593391, -122.289135"
"47.697034, -122.279836"
"47.691999, -122.346003"
"47.620540, -122.297062"
"47.518897, -122.376750"
"47.660500, -122.330222"
"47.592220, -122.387339"
"47.615949, -122.336490"
"47.733089, -122.348557"
"47.672667, -122.300617"
"47.615100, -122.344700"
"47.544400, -122.373500"
"47.739064, -122.342699"
"47.633615, -122.342205"
"47.640974, -122.280083"
"47.692420, -122.353839"
"47.611935, -122.347612"
"47.558747, -122.362663"
"47.619144, -122.322157"
"47.625520, -122.352838"
"47.621264, -122.359240"
"47.659220, -122.342038"
"47.624955, -122.361838"
"47.599079, -122.302046"
"47.670811, -122.385102"
"47.668620, -122.370896"
"47.610520, -122.315337"
"47.621120, -122.332937"
"47.739049, -122.342634"
"47.712510, -122.344467"
"47.603600, -122.325600"
"47.584600, -122.300500"
"47.529221, -122.270134"
"47.636660, -122.322414"
"47.641407, -122.373639"
"47.670811, -122.385102"
"47.623420, -122.331637"
"47.633571, -122.344716"
"47.661134, -122.345438"
"47.625620, -122.326537"
"47.626717, -122.342737"
"47.670811, -122.385102"
"47.648420, -122.383339"
"47.641420, -122.385939"
"47.640974, -122.280083"
"47.689399, -122.323344"
"47.667439, -122.302573"
"47.621264, -122.359240"
"47.668589, -122.387500"
"47.623116, -122.331562"
"47.737700, -122.343100"
"47.645620, -122.325637"
"47.630200, -122.321000"
"47.705541, -122.333737"
"47.623703, -122.357838"
"47.681219, -122.385240"
"47.690220, -122.310861"
"47.613266, -122.346513"
"47.737700, -122.343100"
"47.591262, -122.315921"
"47.650981, -122.343838"
"47.564020, -122.375738"
"47.654078, -122.396937"
"47.616173, -122.333300"
"47.633900, -122.347600"
"47.653464, -122.356603"
"47.622220, -122.339737"
"47.679620, -122.317207"
"47.707451, -122.355895"
"47.717000, -122.301500"
"47.633900, -122.347600"
"47.614865, -122.312537"
"47.611600, -122.305600"
"47.737700, -122.343100"
"47.646157, -122.325218"
"47.624420, -122.326366"
"47.692613, -122.353850"
"47.614918, -122.344809"
"47.541200, -122.275000"
"47.593170, -122.300255"
"47.725598, -122.355552"
"47.625242, -122.360873"
"47.680426, -122.324060"
"47.622060, -122.359586"
"47.560209, -122.385635"
"47.645620, -122.325637"
"47.541200, -122.275000"
"47.737700, -122.343100"
"47.650703, -122.375078"
"47.723583, -122.362420"
"47.683920, -122.349266"
"47.737700, -122.343100"
"47.612320, -122.347938"
"47.613120, -122.319787"
"47.739020, -122.342699"
"47.690619, -122.379062"
"47.636060, -122.278583"
"47.608934, -122.328949"
"47.586813, -122.392939"
"47.693111, -122.342634"
"47.619042, -122.315441"
"47.624820, -122.359138"
"47.700120, -122.355339"
"47.693982, -122.303399"
"47.603600, -122.325600"
"47.619144, -122.322157"
"47.614728, -122.328245"
"47.627469, -122.365122"
"47.633687, -122.342205"
"47.739064, -122.342849"
"47.620209, -122.321885"
"47.630785, -122.356624"
"47.614728, -122.328245"
"47.666804, -122.380786"
"47.612456, -122.328086"
"47.629020, -122.347538"
"47.632420, -122.364338"
"47.614620, -122.312537"
"47.631420, -122.351338"
"47.638320, -122.355638"
"47.608492, -122.296500"
"47.614620, -122.340437"
"47.648620, -122.357438"
"47.606583, -122.305276"
"47.627651, -122.342600"
"47.690869, -122.290537"
"47.607820, -122.326537"
"47.692756, -122.354954"
"47.673750, -122.317075"
"47.618965, -122.338357"
"47.576251, -122.409496"
"47.614620, -122.312537"
"47.614865, -122.312537"
"47.617567, -122.346942"
"47.640041, -122.277236"
"47.714342, -122.360740"
"47.673400, -122.342600"
"47.660852, -122.318462"
"47.562140, -122.377347"
"47.670811, -122.385102"
"47.614620, -122.312537"
"47.618720, -122.346438"
"47.669620, -122.358939"
"47.607692, -122.327833"
"47.726796, -122.354822"
"47.612499, -122.328215"
"47.617520, -122.345338"
"47.624143, -122.317926"
"47.633470, -122.344823"
"47.739049, -122.342699"
"47.623449, -122.354844"
"47.584600, -122.300500"
"47.611600, -122.305600"
"47.613120, -122.319787"
"47.626717, -122.342737"
"47.719896, -122.290514"
"47.670811, -122.385102"
"47.645620, -122.325637"
"47.649259, -122.346528"
"47.574600, -122.393400"
"47.739049, -122.342741"
"47.541200, -122.275000"
"47.603600, -122.325600"
"47.616911, -122.352505"
"47.597482, -122.332764"
"47.652121, -122.389971"
"47.584600, -122.300500"
"47.596865, -122.332134"
"47.680426, -122.324060"
"47.678620, -122.319282"
"47.526921, -122.265034"
"47.654852, -122.395678"
"47.723583, -122.362420"
"47.562902, -122.385437"
"47.668620, -122.376639"
"47.672020, -122.268136"
"47.520244, -122.335703"
"47.623101, -122.331583"
"47.705541, -122.333737"
"47.556376, -122.386932"
"47.583957, -122.384938"
"47.739092, -122.342892"
"47.680720, -122.318358"
"47.657720, -122.355238"
"47.608796, -122.329062"
"47.605570, -122.306156"
"47.681859, -122.377117"
"47.668620, -122.370896"
"47.730077, -122.292537"
"47.614865, -122.312537"
"47.617567, -122.346942"
"47.624548, -122.323258"
"47.670811, -122.385102"
"47.649259, -122.346528"
"47.614865, -122.312537"
"47.617391, -122.348846"
"47.670811, -122.385102"
"47.669420, -122.365839"
"47.624562, -122.326777"
"47.666820, -122.382139"
"47.559934, -122.385678"
"47.620353, -122.311156"
"47.651390, -122.345831"
"47.562671, -122.380131"
"47.625820, -122.353063"
"47.626080, -122.342682"
"47.617520, -122.345338"
"47.670811, -122.385102"
"47.663305, -122.315037"
"47.676730, -122.376988"
"47.687300, -122.377200"
"47.649259, -122.346528"
"47.625901, -122.363920"
"47.614728, -122.328245"
"47.634225, -122.342354"
"47.717633, -122.298023"
"47.634950, -122.325339"
"47.663305, -122.315037"
"47.596479, -122.331562"
"47.613129, -122.332063"
"47.615410, -122.317894"
"47.532512, -122.360270"
"47.520345, -122.335618"
"47.630785, -122.356624"
"47.621959, -122.311521"
"47.615016, -122.312872"
"47.597873, -122.332957"
"47.614918, -122.344809"
"47.556376, -122.386932"
"47.561220, -122.387938"
"47.668104, -122.333364"
"47.611600, -122.305600"
"47.620120, -122.315351"
"47.663032, -122.320383"
"47.596498, -122.331390"
"47.616820, -122.346238"
"47.534400, -122.354700"
"47.613971, -122.333512"
"47.565118, -122.372460"
"47.620020, -122.324037"
"47.620120, -122.315637"
"47.680255, -122.317722"
"47.693487, -122.353685"
"47.659838, -122.350445"
"47.641420, -122.385939"
"47.612948, -122.332785"
"47.615777, -122.332529"
"47.673750, -122.317075"
"47.663300, -122.302200"
"47.611935, -122.347612"
"47.687300, -122.377200"
"47.625703, -122.319037"
"47.681801, -122.322721"
"47.679634, -122.317078"
"47.682133, -122.322657"
"47.668620, -122.370896"
"47.659220, -122.341946"
"47.627651, -122.342600"
"47.637221, -122.356925"
"47.755919, -122.342873"
"47.655632, -122.321928"
"47.710570, -122.325661"
"47.618965, -122.338357"
"47.616853, -122.348857"
"47.614241, -122.344396"
"47.617391, -122.348846"
"47.616947, -122.352473"
"47.703159, -122.379220"
"47.617520, -122.345338"
"47.613006, -122.332850"
"47.533696, -122.361623"
"47.614918, -122.344809"
"47.710570, -122.325661"
"47.702374, -122.302328"
"47.603600, -122.325600"
"47.660852, -122.318462"
"47.690869, -122.290537"